Customer_Total_Sales,Customer_Order_Count,Average_Order_Value,Purchase_Frequency,Cluster,Cluster_Name
2219.40905648415,6.011527377521614,374.0046685878963,1.503400576368876,0,Medium Value Customers
9943.78940425532,6.659574468085106,1661.0180851063833,1.667659574468085,1,Regular Customers
1133.7804152709364,3.1871921182266005,351.8656650246306,0.7967980295566504,2,VIP Customers
3964.9340595959593,9.44949494949495,426.10545454545456,2.372121212121212,3,Occasional Customers
